kinase,measurement_type,residue_or_peptide_id,ground_truth,predicted
ERK2,NMR_S2,1,0.95,0.83
ERK2,NMR_S2,2,0.865,0.933
ERK2,NMR_S2,3,0.756,0.741
ERK2,NMR_S2,4,0.795,0.805
ERK2,NMR_S2,5,0.707,0.695
ERK2,NMR_S2,6,0.837,0.772
ERK2,NMR_S2,7,0.769,0.761
ERK2,NMR_S2,8,0.817,0.774
ERK2,NMR_S2,9,0.839,0.732
ERK2,NMR_S2,10,0.798,0.72
ERK2,NMR_S2,11,0.779,0.804
ERK2,NMR_S2,12,0.816,0.761
ERK2,NMR_S2,13,0.703,0.715
ERK2,NMR_S2,14,0.834,0.768
ERK2,NMR_S2,15,0.95,0.886
ERK2,NMR_S2,16,0.775,0.728
ERK2,NMR_S2,17,0.722,0.81
ERK2,NMR_S2,18,0.741,0.797
ERK2,NMR_S2,19,0.895,1.0
ERK2,NMR_S2,20,0.858,0.86
ERK2,NMR_S2,21,0.873,0.976
ERK2,NMR_S2,22,0.761,0.676
ERK2,NMR_S2,23,0.902,1.0
ERK2,NMR_S2,24,0.805,0.846
ERK2,NMR_S2,25,0.73,0.779
ERK2,NMR_S2,26,0.819,0.864
ERK2,NMR_S2,27,0.95,0.961
ERK2,NMR_S2,28,0.843,0.88
ERK2,NMR_S2,29,0.85,0.836
ERK2,NMR_S2,30,0.775,0.757
ERK2,NMR_S2,31,0.833,0.834
ERK2,NMR_S2,32,0.795,0.726
ERK2,NMR_S2,33,0.879,0.974
ERK2,NMR_S2,34,0.9,0.917
ERK2,NMR_S2,35,0.95,0.95
ERK2,NMR_S2,36,0.937,0.854
ERK2,NMR_S2,37,0.92,0.95
ERK2,NMR_S2,38,0.774,0.793
ERK2,NMR_S2,39,0.755,0.763
ERK2,NMR_S2,40,0.943,0.97
ERK2,NMR_S2,41,0.801,0.786
ERK2,NMR_S2,42,0.827,0.735
ERK2,NMR_S2,43,0.824,0.942
ERK2,NMR_S2,44,0.771,0.761
ERK2,NMR_S2,45,0.901,1.0
ERK2,NMR_S2,46,0.95,1.0
ERK2,NMR_S2,47,0.847,0.982
ERK2,NMR_S2,48,0.792,0.723
ERK2,NMR_S2,49,0.917,0.929
ERK2,NMR_S2,50,0.706,0.731
ERK2,NMR_S2,51,0.792,0.844
ERK2,NMR_S2,52,0.913,0.982
ERK2,NMR_S2,53,0.687,0.753
ERK2,NMR_S2,54,0.736,0.748
ERK2,NMR_S2,55,0.865,0.906
ERK2,NMR_S2,56,0.788,0.681
ERK2,NMR_S2,57,0.812,0.821
ERK2,NMR_S2,58,0.779,0.849
ERK2,NMR_S2,59,0.846,0.916
ERK2,NMR_S2,60,0.741,0.766
ERK2,NMR_S2,61,0.854,0.894
ERK2,NMR_S2,62,0.95,1.0
ERK2,NMR_S2,63,0.926,0.845
ERK2,NMR_S2,64,0.906,0.973
ERK2,NMR_S2,65,0.836,0.784
ERK2,NMR_S2,66,0.772,0.595
ERK2,NMR_S2,67,0.762,0.919
ERK2,NMR_S2,68,0.803,0.735
ERK2,NMR_S2,69,0.796,0.923
ERK2,NMR_S2,70,0.919,0.997
ERK2,NMR_S2,71,0.734,0.753
ERK2,NMR_S2,72,0.777,0.719
ERK2,NMR_S2,73,0.693,0.824
ERK2,NMR_S2,74,0.925,0.853
ERK2,NMR_S2,75,0.712,0.762
ERK2,NMR_S2,76,0.847,0.755
ERK2,NMR_S2,77,0.912,1.0
ERK2,NMR_S2,78,0.889,0.758
ERK2,NMR_S2,79,0.853,0.779
ERK2,NMR_S2,80,0.843,0.818
ERK2,NMR_S2,81,0.805,0.8
ERK2,NMR_S2,82,0.95,1.0
ERK2,NMR_S2,83,0.745,0.683
ERK2,NMR_S2,84,0.878,0.974
ERK2,NMR_S2,85,0.867,0.878
ERK2,NMR_S2,86,0.739,0.711
ERK2,NMR_S2,87,0.813,0.868
ERK2,NMR_S2,88,0.826,0.783
ERK2,NMR_S2,89,0.81,0.884
ERK2,NMR_S2,90,0.793,0.833
ERK2,NMR_S2,91,0.867,0.785
ERK2,NMR_S2,92,0.692,0.729
ERK2,NMR_S2,93,0.895,0.9
ERK2,NMR_S2,94,0.793,0.877
ERK2,NMR_S2,95,0.818,0.749
ERK2,NMR_S2,96,0.826,0.753
ERK2,NMR_S2,97,0.761,0.737
ERK2,NMR_S2,98,0.768,0.777
ERK2,NMR_S2,99,0.705,0.75
ERK2,NMR_S2,100,0.832,0.836
ERK2,NMR_S2,101,0.924,0.899
ERK2,NMR_S2,102,0.843,0.984
ERK2,NMR_S2,103,0.771,0.728
ERK2,NMR_S2,104,0.817,0.762
ERK2,NMR_S2,105,0.928,0.989
ERK2,NMR_S2,106,0.834,0.955
ERK2,NMR_S2,107,0.699,0.619
ERK2,NMR_S2,108,0.95,0.975
ERK2,NMR_S2,109,0.788,0.792
ERK2,NMR_S2,110,0.808,0.788
ERK2,NMR_S2,111,0.705,0.712
ERK2,NMR_S2,112,0.79,0.807
ERK2,NMR_S2,113,0.837,0.918
ERK2,NMR_S2,114,0.872,0.842
ERK2,NMR_S2,115,0.826,0.848
ERK2,NMR_S2,116,0.815,0.787
ERK2,NMR_S2,117,0.822,0.688
ERK2,NMR_S2,118,0.892,0.877
ERK2,NMR_S2,119,0.673,0.748
ERK2,NMR_S2,120,0.845,0.815
ERK2,NMR_S2,121,0.916,0.834
ERK2,NMR_S2,122,0.67,0.76
ERK2,NMR_S2,123,0.934,0.863
ERK2,NMR_S2,124,0.775,0.818
ERK2,NMR_S2,125,0.787,0.707
ERK2,NMR_S2,126,0.874,0.768
ERK2,NMR_S2,127,0.65,0.578
ERK2,NMR_S2,128,0.874,0.938
ERK2,NMR_S2,129,0.785,0.698
ERK2,NMR_S2,130,0.927,1.0
ERK2,NMR_S2,131,0.812,0.831
ERK2,NMR_S2,132,0.673,0.711
ERK2,NMR_S2,133,0.805,0.8
ERK2,NMR_S2,134,0.895,0.885
ERK2,NMR_S2,135,0.822,0.748
ERK2,NMR_S2,136,0.809,0.825
ERK2,NMR_S2,137,0.796,0.723
ERK2,NMR_S2,138,0.912,0.864
ERK2,NMR_S2,139,0.821,0.837
ERK2,NMR_S2,140,0.734,0.742
ERK2,NMR_S2,141,0.856,0.981
ERK2,NMR_S2,142,0.681,0.703
ERK2,NMR_S2,143,0.903,0.854
ERK2,NMR_S2,144,0.906,0.992
ERK2,NMR_S2,145,0.673,0.743
ERK2,NMR_S2,146,0.717,0.731
ERK2,NMR_S2,147,0.814,0.842
ERK2,NMR_S2,148,0.915,0.924
ERK2,NMR_S2,149,0.725,0.721
ERK2,NMR_S2,150,0.775,0.848
ERK2,NMR_S2,151,0.768,0.851
ERK2,NMR_S2,152,0.857,0.795
ERK2,NMR_S2,153,0.821,0.73
ERK2,NMR_S2,154,0.854,0.955
ERK2,NMR_S2,155,0.867,0.94
ERK2,NMR_S2,156,0.705,0.614
ERK2,NMR_S2,157,0.829,0.622
ERK2,NMR_S2,158,0.95,0.97
ERK2,NMR_S2,159,0.854,0.759
ERK2,NMR_S2,160,0.909,0.799
ERK2,NMR_S2,161,0.752,0.683
ERK2,NMR_S2,162,0.846,0.873
ERK2,NMR_S2,163,0.76,0.775
ERK2,NMR_S2,164,0.872,0.814
ERK2,NMR_S2,165,0.81,0.783
ERK2,NMR_S2,166,0.9,0.82
ERK2,NMR_S2,167,0.743,0.769
ERK2,NMR_S2,168,0.862,0.99
ERK2,NMR_S2,169,0.826,0.756
ERK2,NMR_S2,170,0.916,1.0
ERK2,NMR_S2,171,0.746,0.618
ERK2,NMR_S2,172,0.631,0.657
ERK2,NMR_S2,173,0.776,0.755
ERK2,NMR_S2,174,0.9,0.785
ERK2,NMR_S2,175,0.95,1.0
ERK2,NMR_S2,176,0.895,0.747
ERK2,NMR_S2,177,0.717,0.723
ERK2,NMR_S2,178,0.758,0.789
ERK2,NMR_S2,179,0.86,0.829
ERK2,NMR_S2,180,0.85,0.776
ERK2,NMR_S2,181,0.649,0.69
ERK2,NMR_S2,182,0.904,0.907
ERK2,NMR_S2,183,0.873,0.789
ERK2,NMR_S2,184,0.87,0.952
ERK2,NMR_S2,185,0.85,0.89
ERK2,NMR_S2,186,0.787,0.705
ERK2,NMR_S2,187,0.876,0.861
ERK2,NMR_S2,188,0.91,0.84
ERK2,NMR_S2,189,0.826,0.888
ERK2,NMR_S2,190,0.776,0.684
ERK2,NMR_S2,191,0.806,0.774
ERK2,NMR_S2,192,0.755,0.825
ERK2,NMR_S2,193,0.907,0.896
ERK2,NMR_S2,194,0.928,0.924
ERK2,NMR_S2,195,0.887,0.912
ERK2,NMR_S2,196,0.77,0.759
ERK2,NMR_S2,197,0.64,0.812
ERK2,NMR_S2,198,0.622,0.588
ERK2,NMR_S2,199,0.806,0.895
ERK2,NMR_S2,200,0.682,0.673
ERK2,NMR_S2,201,0.787,0.743
ERK2,NMR_S2,202,0.862,0.876
ERK2,NMR_S2,203,0.903,0.827
ERK2,NMR_S2,204,0.815,0.736
ERK2,NMR_S2,205,0.74,0.722
ERK2,NMR_S2,206,0.637,0.635
ERK2,NMR_S2,207,0.761,0.806
ERK2,NMR_S2,208,0.745,0.665
ERK2,NMR_S2,209,0.788,0.73
ERK2,NMR_S2,210,0.756,0.683
ERK2,NMR_S2,211,0.826,0.675
ERK2,NMR_S2,212,0.894,0.916
ERK2,NMR_S2,213,0.918,0.801
ERK2,NMR_S2,214,0.708,0.653
ERK2,NMR_S2,215,0.918,1.0
ERK2,NMR_S2,216,0.749,0.744
ERK2,NMR_S2,217,0.847,0.92
ERK2,NMR_S2,218,0.907,0.93
ERK2,NMR_S2,219,0.95,0.876
ERK2,NMR_S2,220,0.763,0.793
ERK2,NMR_S2,221,0.796,0.804
ERK2,NMR_S2,222,0.931,0.95
ERK2,NMR_S2,223,0.932,0.952
ERK2,NMR_S2,224,0.926,0.822
ERK2,NMR_S2,225,0.742,0.762
ERK2,NMR_S2,226,0.713,0.696
ERK2,NMR_S2,227,0.778,0.8
ERK2,NMR_S2,228,0.866,0.823
ERK2,NMR_S2,229,0.79,0.872
ERK2,NMR_S2,230,0.82,0.803
ERK2,NMR_S2,231,0.872,0.81
ERK2,NMR_S2,232,0.703,0.693
ERK2,NMR_S2,233,0.95,0.913
ERK2,NMR_S2,234,0.867,0.959
ERK2,NMR_S2,235,0.797,0.774
ERK2,NMR_S2,236,0.815,0.818
ERK2,NMR_S2,237,0.932,0.891
ERK2,NMR_S2,238,0.788,0.645
ERK2,NMR_S2,239,0.791,0.813
ERK2,NMR_S2,240,0.845,0.777
ERK2,NMR_S2,241,0.889,0.955
ERK2,NMR_S2,242,0.669,0.644
ERK2,NMR_S2,243,0.823,0.858
ERK2,NMR_S2,244,0.946,0.987
ERK2,NMR_S2,245,0.902,1.0
ERK2,NMR_S2,246,0.879,1.0
ERK2,NMR_S2,247,0.814,0.869
ERK2,NMR_S2,248,0.771,0.854
ERK2,NMR_S2,249,0.785,0.753
ERK2,NMR_S2,250,0.814,1.0
ERK2,NMR_S2,251,0.751,0.622
ERK2,NMR_S2,252,0.847,0.83
ERK2,NMR_S2,253,0.95,0.958
ERK2,NMR_S2,254,0.889,0.738
ERK2,NMR_S2,255,0.85,0.882
ERK2,NMR_S2,256,0.86,0.826
ERK2,NMR_S2,257,0.733,0.68
ERK2,NMR_S2,258,0.863,0.848
ERK2,NMR_S2,259,0.833,0.899
ERK2,NMR_S2,260,0.921,0.926
ERK2,NMR_S2,261,0.811,0.887
ERK2,NMR_S2,262,0.901,0.757
ERK2,NMR_S2,263,0.922,0.957
ERK2,NMR_S2,264,0.768,0.707
ERK2,NMR_S2,265,0.911,0.997
ERK2,NMR_S2,266,0.823,0.885
ERK2,NMR_S2,267,0.914,0.792
ERK2,NMR_S2,268,0.793,0.854
ERK2,NMR_S2,269,0.844,0.961
ERK2,NMR_S2,270,0.815,0.932
ERK2,NMR_S2,271,0.774,0.652
ERK2,NMR_S2,272,0.854,0.737
ERK2,NMR_S2,273,0.817,0.83
ERK2,NMR_S2,274,0.824,0.894
ERK2,NMR_S2,275,0.774,0.646
ERK2,NMR_S2,276,0.901,0.849
ERK2,NMR_S2,277,0.94,1.0
ERK2,NMR_S2,278,0.564,0.459
ERK2,NMR_S2,279,0.821,0.888
ERK2,NMR_S2,280,0.895,0.869
ERK2,NMR_S2,281,0.851,0.889
ERK2,NMR_S2,282,0.879,0.932
ERK2,NMR_S2,283,0.714,0.8
ERK2,NMR_S2,284,0.731,0.671
ERK2,NMR_S2,285,0.756,0.745
ERK2,NMR_S2,286,0.889,0.919
ERK2,NMR_S2,287,0.765,0.885
ERK2,NMR_S2,288,0.95,0.922
ERK2,NMR_S2,289,0.795,0.758
ERK2,NMR_S2,290,0.818,0.646
ERK2,NMR_S2,291,0.858,0.937
ERK2,NMR_S2,292,0.902,1.0
ERK2,NMR_S2,293,0.781,0.767
ERK2,NMR_S2,294,0.76,0.807
ERK2,NMR_S2,295,0.95,0.914
ERK2,NMR_S2,296,0.746,0.715
ERK2,NMR_S2,297,0.847,0.907
ERK2,NMR_S2,298,0.738,0.678
ERK2,NMR_S2,299,0.903,0.843
ERK2,NMR_S2,300,0.866,0.782
ERK2,NMR_S2,301,0.809,0.685
ERK2,NMR_S2,302,0.814,0.761
ERK2,NMR_S2,303,0.776,0.857
ERK2,NMR_S2,304,0.608,0.634
ERK2,NMR_S2,305,0.736,0.709
ERK2,NMR_S2,306,0.71,0.713
ERK2,NMR_S2,307,0.723,0.811
ERK2,NMR_S2,308,0.861,0.863
ERK2,NMR_S2,309,0.819,0.862
ERK2,NMR_S2,310,0.661,0.641
ERK2,NMR_S2,311,0.819,0.915
ERK2,NMR_S2,312,0.821,0.884
ERK2,NMR_S2,313,0.714,0.644
ERK2,NMR_S2,314,0.927,0.913
ERK2,NMR_S2,315,0.843,0.873
ERK2,NMR_S2,316,0.828,0.828
ERK2,NMR_S2,317,0.881,0.905
ERK2,NMR_S2,318,0.753,0.669
ERK2,NMR_S2,319,0.741,0.756
ERK2,NMR_S2,320,0.889,0.794
ERK2,NMR_S2,321,0.95,0.889
ERK2,NMR_S2,322,0.781,0.876
ERK2,NMR_S2,323,0.823,0.841
ERK2,NMR_S2,324,0.78,0.94
ERK2,NMR_S2,325,0.881,0.907
ERK2,NMR_S2,326,0.916,0.925
ERK2,NMR_S2,327,0.757,0.729
ERK2,NMR_S2,328,0.945,0.867
ERK2,NMR_S2,329,0.8,0.803
ERK2,NMR_S2,330,0.755,0.706
ERK2,NMR_S2,331,0.764,0.857
ERK2,NMR_S2,332,0.782,0.892
ERK2,NMR_S2,333,0.758,0.665
ERK2,NMR_S2,334,0.816,0.827
ERK2,NMR_S2,335,0.729,0.653
ERK2,NMR_S2,336,0.876,0.945
ERK2,NMR_S2,337,0.836,0.967
ERK2,NMR_S2,338,0.95,0.981
ERK2,NMR_S2,339,0.904,0.901
ERK2,NMR_S2,340,0.855,0.843
ERK2,NMR_S2,341,0.916,0.885
ERK2,NMR_S2,342,0.79,0.765
ERK2,NMR_S2,343,0.95,0.887
ERK2,NMR_S2,344,0.867,0.789
ERK2,NMR_S2,345,0.95,0.928
ERK2,NMR_S2,346,0.726,0.615
ERK2,NMR_S2,347,0.785,0.807
ERK2,NMR_S2,348,0.911,0.913
ERK2,NMR_S2,349,0.746,0.82
ERK2,NMR_S2,350,0.931,0.932
ERK2,NMR_S2,351,0.662,0.751
ERK2,NMR_S2,352,0.755,0.781
ERK2,NMR_S2,353,0.686,0.701
ERK2,NMR_S2,354,0.745,0.652
ERK2,NMR_S2,355,0.885,0.871
ERK2,NMR_S2,356,0.859,0.81
ERK2,NMR_S2,357,0.839,0.782
ERK2,NMR_S2,358,0.814,0.924
ERK2,NMR_S2,359,0.734,0.899
ERK2,NMR_S2,360,0.769,0.702
ABL1,NMR_S2,1,0.705,0.613
ABL1,NMR_S2,2,0.841,0.854
ABL1,NMR_S2,3,0.767,0.77
ABL1,NMR_S2,4,0.865,0.937
ABL1,NMR_S2,5,0.848,0.844
ABL1,NMR_S2,6,0.702,0.76
ABL1,NMR_S2,7,0.824,0.78
ABL1,NMR_S2,8,0.938,0.968
ABL1,NMR_S2,9,0.886,0.786
ABL1,NMR_S2,10,0.709,0.653
ABL1,NMR_S2,11,0.739,0.693
ABL1,NMR_S2,12,0.851,0.924
ABL1,NMR_S2,13,0.868,0.973
ABL1,NMR_S2,14,0.878,0.751
ABL1,NMR_S2,15,0.763,0.888
ABL1,NMR_S2,16,0.795,0.888
ABL1,NMR_S2,17,0.837,0.757
ABL1,NMR_S2,18,0.95,0.969
ABL1,NMR_S2,19,0.663,0.633
ABL1,NMR_S2,20,0.831,0.77
ABL1,NMR_S2,21,0.95,1.0
ABL1,NMR_S2,22,0.95,0.954
ABL1,NMR_S2,23,0.793,0.807
ABL1,NMR_S2,24,0.821,0.794
ABL1,NMR_S2,25,0.799,0.803
ABL1,NMR_S2,26,0.909,0.866
ABL1,NMR_S2,27,0.835,0.77
ABL1,NMR_S2,28,0.761,0.767
ABL1,NMR_S2,29,0.732,0.615
ABL1,NMR_S2,30,0.793,0.777
ABL1,NMR_S2,31,0.789,0.826
ABL1,NMR_S2,32,0.816,0.911
ABL1,NMR_S2,33,0.948,1.0
ABL1,NMR_S2,34,0.747,0.743
ABL1,NMR_S2,35,0.789,0.781
ABL1,NMR_S2,36,0.817,0.786
ABL1,NMR_S2,37,0.889,0.842
ABL1,NMR_S2,38,0.801,0.925
ABL1,NMR_S2,39,0.76,0.802
ABL1,NMR_S2,40,0.788,0.767
ABL1,NMR_S2,41,0.727,0.788
ABL1,NMR_S2,42,0.823,0.818
ABL1,NMR_S2,43,0.797,0.888
ABL1,NMR_S2,44,0.932,0.853
ABL1,NMR_S2,45,0.805,0.745
ABL1,NMR_S2,46,0.782,0.863
ABL1,NMR_S2,47,0.95,0.928
ABL1,NMR_S2,48,0.822,0.98
ABL1,NMR_S2,49,0.809,0.77
ABL1,NMR_S2,50,0.907,0.95
ABL1,NMR_S2,51,0.775,0.691
ABL1,NMR_S2,52,0.783,0.809
ABL1,NMR_S2,53,0.941,0.899
ABL1,NMR_S2,54,0.826,0.893
ABL1,NMR_S2,55,0.864,0.783
ABL1,NMR_S2,56,0.794,0.742
ABL1,NMR_S2,57,0.95,0.93
ABL1,NMR_S2,58,0.767,0.694
ABL1,NMR_S2,59,0.9,0.905
ABL1,NMR_S2,60,0.888,0.978
ABL1,NMR_S2,61,0.95,1.0
ABL1,NMR_S2,62,0.803,0.876
ABL1,NMR_S2,63,0.69,0.607
ABL1,NMR_S2,64,0.807,0.744
ABL1,NMR_S2,65,0.774,0.797
ABL1,NMR_S2,66,0.919,0.88
ABL1,NMR_S2,67,0.759,0.769
ABL1,NMR_S2,68,0.95,0.97
ABL1,NMR_S2,69,0.93,0.86
ABL1,NMR_S2,70,0.87,0.802
ABL1,NMR_S2,71,0.613,0.607
ABL1,NMR_S2,72,0.587,0.508
ABL1,NMR_S2,73,0.867,0.878
ABL1,NMR_S2,74,0.946,0.931
ABL1,NMR_S2,75,0.73,0.674
ABL1,NMR_S2,76,0.696,0.668
ABL1,NMR_S2,77,0.761,0.625
ABL1,NMR_S2,78,0.809,0.857
ABL1,NMR_S2,79,0.921,0.979
ABL1,NMR_S2,80,0.943,0.875
ABL1,NMR_S2,81,0.794,0.816
ABL1,NMR_S2,82,0.721,0.701
ABL1,NMR_S2,83,0.752,0.728
ABL1,NMR_S2,84,0.838,0.789
ABL1,NMR_S2,85,0.799,0.77
ABL1,NMR_S2,86,0.809,0.794
ABL1,NMR_S2,87,0.95,0.945
ABL1,NMR_S2,88,0.798,0.762
ABL1,NMR_S2,89,0.877,0.883
ABL1,NMR_S2,90,0.92,0.86
ABL1,NMR_S2,91,0.625,0.651
ABL1,NMR_S2,92,0.778,0.821
ABL1,NMR_S2,93,0.697,0.711
ABL1,NMR_S2,94,0.86,0.724
ABL1,NMR_S2,95,0.768,0.673
ABL1,NMR_S2,96,0.894,0.97
ABL1,NMR_S2,97,0.848,0.92
ABL1,NMR_S2,98,0.893,0.92
ABL1,NMR_S2,99,0.919,0.963
ABL1,NMR_S2,100,0.788,0.833
ABL1,NMR_S2,101,0.797,0.939
ABL1,NMR_S2,102,0.741,0.747
ABL1,NMR_S2,103,0.684,0.761
ABL1,NMR_S2,104,0.85,0.907
ABL1,NMR_S2,105,0.824,0.756
ABL1,NMR_S2,106,0.878,0.879
ABL1,NMR_S2,107,0.95,0.96
ABL1,NMR_S2,108,0.909,0.947
ABL1,NMR_S2,109,0.897,0.904
ABL1,NMR_S2,110,0.887,0.746
ABL1,NMR_S2,111,0.95,0.956
ABL1,NMR_S2,112,0.795,0.793
ABL1,NMR_S2,113,0.843,0.834
ABL1,NMR_S2,114,0.827,0.897
ABL1,NMR_S2,115,0.831,0.962
ABL1,NMR_S2,116,0.791,0.818
ABL1,NMR_S2,117,0.708,0.688
ABL1,NMR_S2,118,0.769,0.71
ABL1,NMR_S2,119,0.878,0.795
ABL1,NMR_S2,120,0.81,0.804
ABL1,NMR_S2,121,0.825,0.846
ABL1,NMR_S2,122,0.855,0.884
ABL1,NMR_S2,123,0.84,0.792
ABL1,NMR_S2,124,0.895,0.907
ABL1,NMR_S2,125,0.882,0.89
ABL1,NMR_S2,126,0.849,0.888
ABL1,NMR_S2,127,0.946,0.905
ABL1,NMR_S2,128,0.708,0.663
ABL1,NMR_S2,129,0.714,0.817
ABL1,NMR_S2,130,0.687,0.628
ABL1,NMR_S2,131,0.843,0.839
ABL1,NMR_S2,132,0.749,0.689
ABL1,NMR_S2,133,0.95,0.987
ABL1,NMR_S2,134,0.646,0.682
ABL1,NMR_S2,135,0.95,0.897
ABL1,NMR_S2,136,0.787,0.741
ABL1,NMR_S2,137,0.804,0.901
ABL1,NMR_S2,138,0.843,0.837
ABL1,NMR_S2,139,0.797,0.884
ABL1,NMR_S2,140,0.723,0.657
ABL1,NMR_S2,141,0.871,0.849
ABL1,NMR_S2,142,0.906,0.954
ABL1,NMR_S2,143,0.792,0.766
ABL1,NMR_S2,144,0.744,0.723
ABL1,NMR_S2,145,0.752,0.69
ABL1,NMR_S2,146,0.788,0.919
ABL1,NMR_S2,147,0.805,0.867
ABL1,NMR_S2,148,0.866,0.861
ABL1,NMR_S2,149,0.89,0.998
ABL1,NMR_S2,150,0.792,0.818
ABL1,NMR_S2,151,0.8,0.785
ABL1,NMR_S2,152,0.796,0.731
ABL1,NMR_S2,153,0.834,0.961
ABL1,NMR_S2,154,0.887,0.931
ABL1,NMR_S2,155,0.884,0.951
ABL1,NMR_S2,156,0.831,0.833
ABL1,NMR_S2,157,0.711,0.743
ABL1,NMR_S2,158,0.828,0.678
ABL1,NMR_S2,159,0.785,0.805
ABL1,NMR_S2,160,0.665,0.844
ABL1,NMR_S2,161,0.769,0.819
ABL1,NMR_S2,162,0.95,1.0
ABL1,NMR_S2,163,0.807,0.784
ABL1,NMR_S2,164,0.836,0.948
ABL1,NMR_S2,165,0.9,0.878
ABL1,NMR_S2,166,0.845,0.788
ABL1,NMR_S2,167,0.912,0.941
ABL1,NMR_S2,168,0.75,0.721
ABL1,NMR_S2,169,0.849,0.903
ABL1,NMR_S2,170,0.847,0.938
ABL1,NMR_S2,171,0.783,0.868
ABL1,NMR_S2,172,0.893,0.916
ABL1,NMR_S2,173,0.808,0.924
ABL1,NMR_S2,174,0.847,0.95
ABL1,NMR_S2,175,0.74,0.889
ABL1,NMR_S2,176,0.912,0.866
ABL1,NMR_S2,177,0.783,0.853
ABL1,NMR_S2,178,0.703,0.653
ABL1,NMR_S2,179,0.83,0.668
ABL1,NMR_S2,180,0.756,0.69
ABL1,NMR_S2,181,0.699,0.745
ABL1,NMR_S2,182,0.78,0.886
ABL1,NMR_S2,183,0.746,0.71
ABL1,NMR_S2,184,0.789,0.812
ABL1,NMR_S2,185,0.835,0.979
ABL1,NMR_S2,186,0.799,0.719
ABL1,NMR_S2,187,0.749,0.684
ABL1,NMR_S2,188,0.662,0.768
ABL1,NMR_S2,189,0.757,0.813
ABL1,NMR_S2,190,0.849,0.665
ABL1,NMR_S2,191,0.943,0.939
ABL1,NMR_S2,192,0.903,0.8
ABL1,NMR_S2,193,0.873,0.902
ABL1,NMR_S2,194,0.909,0.809
ABL1,NMR_S2,195,0.861,0.888
ABL1,NMR_S2,196,0.895,0.905
ABL1,NMR_S2,197,0.764,0.768
ABL1,NMR_S2,198,0.846,0.815
ABL1,NMR_S2,199,0.787,0.682
ABL1,NMR_S2,200,0.848,0.951
ABL1,NMR_S2,201,0.89,1.0
ABL1,NMR_S2,202,0.769,0.799
ABL1,NMR_S2,203,0.86,0.943
ABL1,NMR_S2,204,0.86,0.898
ABL1,NMR_S2,205,0.861,0.921
ABL1,NMR_S2,206,0.889,0.718
ABL1,NMR_S2,207,0.707,0.805
ABL1,NMR_S2,208,0.785,0.74
ABL1,NMR_S2,209,0.654,0.712
ABL1,NMR_S2,210,0.729,0.653
ABL1,NMR_S2,211,0.836,0.922
ABL1,NMR_S2,212,0.797,0.83
ABL1,NMR_S2,213,0.9,0.98
ABL1,NMR_S2,214,0.855,0.859
ABL1,NMR_S2,215,0.82,0.818
ABL1,NMR_S2,216,0.774,0.795
ABL1,NMR_S2,217,0.823,0.78
ABL1,NMR_S2,218,0.812,0.85
ABL1,NMR_S2,219,0.911,0.891
ABL1,NMR_S2,220,0.917,0.957
ABL1,NMR_S2,221,0.885,0.962
ABL1,NMR_S2,222,0.848,0.772
ABL1,NMR_S2,223,0.888,0.762
ABL1,NMR_S2,224,0.79,0.839
ABL1,NMR_S2,225,0.727,0.852
ABL1,NMR_S2,226,0.95,1.0
ABL1,NMR_S2,227,0.774,0.855
ABL1,NMR_S2,228,0.797,0.78
ABL1,NMR_S2,229,0.766,0.751
ABL1,NMR_S2,230,0.945,0.965
ABL1,NMR_S2,231,0.769,0.804
ABL1,NMR_S2,232,0.823,0.928
ABL1,NMR_S2,233,0.874,0.982
ABL1,NMR_S2,234,0.948,0.943
ABL1,NMR_S2,235,0.845,0.874
ABL1,NMR_S2,236,0.735,0.759
ABL1,NMR_S2,237,0.829,0.856
ABL1,NMR_S2,238,0.892,0.838
ABL1,NMR_S2,239,0.95,0.907
ABL1,NMR_S2,240,0.765,0.799
ABL1,NMR_S2,241,0.639,0.661
ABL1,NMR_S2,242,0.769,0.786
ABL1,NMR_S2,243,0.782,0.821
ABL1,NMR_S2,244,0.841,0.781
ABL1,NMR_S2,245,0.777,0.867
ABL1,NMR_S2,246,0.832,0.796
ABL1,NMR_S2,247,0.79,0.9
ABL1,NMR_S2,248,0.908,0.927
ABL1,NMR_S2,249,0.786,0.677
ABL1,NMR_S2,250,0.883,0.944
ABL1,NMR_S2,251,0.935,0.947
ABL1,NMR_S2,252,0.692,0.741
ABL1,NMR_S2,253,0.788,0.819
ABL1,NMR_S2,254,0.778,0.789
ABL1,NMR_S2,255,0.815,0.813
ABL1,NMR_S2,256,0.95,0.891
ABL1,NMR_S2,257,0.843,0.845
ABL1,NMR_S2,258,0.806,0.762
ABL1,NMR_S2,259,0.593,0.583
ABL1,NMR_S2,260,0.726,0.633
ABL1,NMR_S2,261,0.95,0.9
ABL1,NMR_S2,262,0.874,0.712
ABL1,NMR_S2,263,0.811,0.755
ABL1,NMR_S2,264,0.754,0.774
ABL1,NMR_S2,265,0.714,0.722
ABL1,NMR_S2,266,0.95,1.0
ABL1,NMR_S2,267,0.943,0.93
ABL1,NMR_S2,268,0.737,0.702
ABL1,NMR_S2,269,0.731,0.691
ABL1,NMR_S2,270,0.772,1.0
ABL1,NMR_S2,271,0.835,0.783
ABL1,NMR_S2,272,0.901,0.859
ABL1,NMR_S2,273,0.948,0.973
ABL1,NMR_S2,274,0.932,0.85
ABL1,NMR_S2,275,0.885,0.89
ABL1,NMR_S2,276,0.785,0.687
ABL1,NMR_S2,277,0.872,0.929
ABL1,NMR_S2,278,0.867,0.824
ABL1,NMR_S2,279,0.912,0.995
ABL1,NMR_S2,280,0.881,0.873
PKA,NMR_S2,1,0.789,0.814
PKA,NMR_S2,2,0.876,0.949
PKA,NMR_S2,3,0.773,0.635
PKA,NMR_S2,4,0.831,0.805
PKA,NMR_S2,5,0.845,0.821
PKA,NMR_S2,6,0.743,0.683
PKA,NMR_S2,7,0.788,0.833
PKA,NMR_S2,8,0.851,0.852
PKA,NMR_S2,9,0.786,0.717
PKA,NMR_S2,10,0.763,0.614
PKA,NMR_S2,11,0.911,1.0
PKA,NMR_S2,12,0.907,0.736
PKA,NMR_S2,13,0.8,0.743
PKA,NMR_S2,14,0.771,0.771
PKA,NMR_S2,15,0.908,0.844
PKA,NMR_S2,16,0.751,0.845
PKA,NMR_S2,17,0.817,0.709
PKA,NMR_S2,18,0.908,0.941
PKA,NMR_S2,19,0.776,0.776
PKA,NMR_S2,20,0.873,0.863
PKA,NMR_S2,21,0.721,0.707
PKA,NMR_S2,22,0.749,0.755
PKA,NMR_S2,23,0.671,0.632
PKA,NMR_S2,24,0.909,0.944
PKA,NMR_S2,25,0.796,0.815
PKA,NMR_S2,26,0.805,0.698
PKA,NMR_S2,27,0.816,0.916
PKA,NMR_S2,28,0.747,0.793
PKA,NMR_S2,29,0.927,0.915
PKA,NMR_S2,30,0.95,0.918
PKA,NMR_S2,31,0.716,0.79
PKA,NMR_S2,32,0.782,0.848
PKA,NMR_S2,33,0.761,0.78
PKA,NMR_S2,34,0.832,0.764
PKA,NMR_S2,35,0.894,0.836
PKA,NMR_S2,36,0.95,0.925
PKA,NMR_S2,37,0.875,0.815
PKA,NMR_S2,38,0.863,0.984
PKA,NMR_S2,39,0.915,0.943
PKA,NMR_S2,40,0.781,0.763
PKA,NMR_S2,41,0.89,0.926
PKA,NMR_S2,42,0.903,0.907
PKA,NMR_S2,43,0.777,0.825
PKA,NMR_S2,44,0.73,0.756
PKA,NMR_S2,45,0.888,0.869
PKA,NMR_S2,46,0.771,0.697
PKA,NMR_S2,47,0.763,0.8
PKA,NMR_S2,48,0.829,0.683
PKA,NMR_S2,49,0.673,0.845
PKA,NMR_S2,50,0.862,0.932
PKA,NMR_S2,51,0.819,0.827
PKA,NMR_S2,52,0.754,0.804
PKA,NMR_S2,53,0.676,0.659
PKA,NMR_S2,54,0.876,0.748
PKA,NMR_S2,55,0.813,0.836
PKA,NMR_S2,56,0.891,0.921
PKA,NMR_S2,57,0.819,0.852
PKA,NMR_S2,58,0.848,0.896
PKA,NMR_S2,59,0.81,0.835
PKA,NMR_S2,60,0.71,0.703
PKA,NMR_S2,61,0.827,0.824
PKA,NMR_S2,62,0.868,0.743
PKA,NMR_S2,63,0.844,0.913
PKA,NMR_S2,64,0.738,0.722
PKA,NMR_S2,65,0.762,0.758
PKA,NMR_S2,66,0.783,0.854
PKA,NMR_S2,67,0.848,0.855
PKA,NMR_S2,68,0.88,0.886
PKA,NMR_S2,69,0.877,1.0
PKA,NMR_S2,70,0.764,0.921
PKA,NMR_S2,71,0.851,0.891
PKA,NMR_S2,72,0.802,0.783
PKA,NMR_S2,73,0.938,0.968
PKA,NMR_S2,74,0.808,0.722
PKA,NMR_S2,75,0.815,0.765
PKA,NMR_S2,76,0.95,0.937
PKA,NMR_S2,77,0.815,0.841
PKA,NMR_S2,78,0.807,0.899
PKA,NMR_S2,79,0.746,0.709
PKA,NMR_S2,80,0.92,0.959
PKA,NMR_S2,81,0.688,0.607
PKA,NMR_S2,82,0.95,0.878
PKA,NMR_S2,83,0.851,0.825
PKA,NMR_S2,84,0.785,0.996
PKA,NMR_S2,85,0.784,0.772
PKA,NMR_S2,86,0.749,0.822
PKA,NMR_S2,87,0.754,0.744
PKA,NMR_S2,88,0.897,0.857
PKA,NMR_S2,89,0.737,0.832
PKA,NMR_S2,90,0.821,0.74
PKA,NMR_S2,91,0.95,0.936
PKA,NMR_S2,92,0.89,0.896
PKA,NMR_S2,93,0.694,0.56
PKA,NMR_S2,94,0.712,0.666
PKA,NMR_S2,95,0.901,0.841
PKA,NMR_S2,96,0.75,0.686
PKA,NMR_S2,97,0.95,1.0
PKA,NMR_S2,98,0.947,0.948
PKA,NMR_S2,99,0.82,0.859
PKA,NMR_S2,100,0.929,0.83
PKA,NMR_S2,101,0.887,0.712
PKA,NMR_S2,102,0.76,0.829
PKA,NMR_S2,103,0.863,0.857
PKA,NMR_S2,104,0.711,0.699
PKA,NMR_S2,105,0.882,0.825
PKA,NMR_S2,106,0.846,0.812
PKA,NMR_S2,107,0.835,0.924
PKA,NMR_S2,108,0.737,0.766
PKA,NMR_S2,109,0.801,0.874
PKA,NMR_S2,110,0.77,0.821
PKA,NMR_S2,111,0.931,0.898
PKA,NMR_S2,112,0.95,1.0
PKA,NMR_S2,113,0.801,0.579
PKA,NMR_S2,114,0.77,0.667
PKA,NMR_S2,115,0.848,0.927
PKA,NMR_S2,116,0.821,0.784
PKA,NMR_S2,117,0.71,0.633
PKA,NMR_S2,118,0.74,0.731
PKA,NMR_S2,119,0.632,0.618
PKA,NMR_S2,120,0.886,0.931
PKA,NMR_S2,121,0.825,0.944
PKA,NMR_S2,122,0.903,1.0
PKA,NMR_S2,123,0.933,0.952
PKA,NMR_S2,124,0.807,0.74
PKA,NMR_S2,125,0.773,0.734
PKA,NMR_S2,126,0.672,0.706
PKA,NMR_S2,127,0.795,0.876
PKA,NMR_S2,128,0.95,1.0
PKA,NMR_S2,129,0.822,0.827
PKA,NMR_S2,130,0.694,0.771
PKA,NMR_S2,131,0.867,1.0
PKA,NMR_S2,132,0.849,0.834
PKA,NMR_S2,133,0.942,1.0
PKA,NMR_S2,134,0.947,0.889
PKA,NMR_S2,135,0.904,0.951
PKA,NMR_S2,136,0.902,1.0
PKA,NMR_S2,137,0.933,0.847
PKA,NMR_S2,138,0.865,0.784
PKA,NMR_S2,139,0.733,0.779
PKA,NMR_S2,140,0.916,0.776
PKA,NMR_S2,141,0.873,0.85
PKA,NMR_S2,142,0.777,0.786
PKA,NMR_S2,143,0.797,0.768
PKA,NMR_S2,144,0.683,0.564
PKA,NMR_S2,145,0.865,0.872
PKA,NMR_S2,146,0.863,0.932
PKA,NMR_S2,147,0.833,0.812
PKA,NMR_S2,148,0.783,0.662
PKA,NMR_S2,149,0.889,0.881
PKA,NMR_S2,150,0.8,0.924
PKA,NMR_S2,151,0.71,0.684
PKA,NMR_S2,152,0.95,1.0
PKA,NMR_S2,153,0.803,0.88
PKA,NMR_S2,154,0.753,0.774
PKA,NMR_S2,155,0.813,0.911
PKA,NMR_S2,156,0.732,0.759
PKA,NMR_S2,157,0.778,0.865
PKA,NMR_S2,158,0.95,1.0
PKA,NMR_S2,159,0.886,0.82
PKA,NMR_S2,160,0.759,0.636
PKA,NMR_S2,161,0.819,0.741
PKA,NMR_S2,162,0.917,0.954
PKA,NMR_S2,163,0.773,0.859
PKA,NMR_S2,164,0.757,0.735
PKA,NMR_S2,165,0.711,0.705
PKA,NMR_S2,166,0.801,0.734
PKA,NMR_S2,167,0.736,0.786
PKA,NMR_S2,168,0.719,0.716
PKA,NMR_S2,169,0.769,0.786
PKA,NMR_S2,170,0.866,0.872
PKA,NMR_S2,171,0.911,0.919
PKA,NMR_S2,172,0.872,0.896
PKA,NMR_S2,173,0.789,0.809
PKA,NMR_S2,174,0.905,0.97
PKA,NMR_S2,175,0.811,0.796
PKA,NMR_S2,176,0.897,0.804
PKA,NMR_S2,177,0.681,0.644
PKA,NMR_S2,178,0.95,1.0
PKA,NMR_S2,179,0.76,0.69
PKA,NMR_S2,180,0.724,0.617
PKA,NMR_S2,181,0.828,0.797
PKA,NMR_S2,182,0.836,0.708
PKA,NMR_S2,183,0.95,0.972
PKA,NMR_S2,184,0.901,0.904
PKA,NMR_S2,185,0.786,0.653
PKA,NMR_S2,186,0.686,0.605
PKA,NMR_S2,187,0.922,0.949
PKA,NMR_S2,188,0.847,0.966
PKA,NMR_S2,189,0.782,0.761
PKA,NMR_S2,190,0.66,0.611
PKA,NMR_S2,191,0.848,0.998
PKA,NMR_S2,192,0.636,0.625
PKA,NMR_S2,193,0.757,0.78
PKA,NMR_S2,194,0.95,0.859
PKA,NMR_S2,195,0.823,0.884
PKA,NMR_S2,196,0.757,0.787
PKA,NMR_S2,197,0.738,0.733
PKA,NMR_S2,198,0.691,0.678
PKA,NMR_S2,199,0.854,1.0
PKA,NMR_S2,200,0.755,0.847
PKA,NMR_S2,201,0.912,0.919
PKA,NMR_S2,202,0.823,0.855
PKA,NMR_S2,203,0.889,1.0
PKA,NMR_S2,204,0.865,0.836
PKA,NMR_S2,205,0.788,0.845
PKA,NMR_S2,206,0.95,0.986
PKA,NMR_S2,207,0.77,0.866
PKA,NMR_S2,208,0.861,0.868
PKA,NMR_S2,209,0.896,0.94
PKA,NMR_S2,210,0.69,0.603
PKA,NMR_S2,211,0.831,0.886
PKA,NMR_S2,212,0.847,0.798
PKA,NMR_S2,213,0.735,0.919
PKA,NMR_S2,214,0.783,0.776
PKA,NMR_S2,215,0.846,0.858
PKA,NMR_S2,216,0.95,0.839
PKA,NMR_S2,217,0.748,0.659
PKA,NMR_S2,218,0.823,0.659
PKA,NMR_S2,219,0.95,0.933
PKA,NMR_S2,220,0.852,0.814
PKA,NMR_S2,221,0.736,0.719
PKA,NMR_S2,222,0.76,0.864
PKA,NMR_S2,223,0.878,0.768
PKA,NMR_S2,224,0.714,0.645
PKA,NMR_S2,225,0.745,0.708
PKA,NMR_S2,226,0.897,0.828
PKA,NMR_S2,227,0.662,0.628
PKA,NMR_S2,228,0.892,0.969
PKA,NMR_S2,229,0.775,0.89
PKA,NMR_S2,230,0.811,0.884
PKA,NMR_S2,231,0.799,0.868
PKA,NMR_S2,232,0.676,0.698
PKA,NMR_S2,233,0.95,0.968
PKA,NMR_S2,234,0.836,0.955
PKA,NMR_S2,235,0.807,0.734
PKA,NMR_S2,236,0.815,0.829
PKA,NMR_S2,237,0.648,0.717
PKA,NMR_S2,238,0.751,0.698
PKA,NMR_S2,239,0.825,0.742
PKA,NMR_S2,240,0.83,0.864
PKA,NMR_S2,241,0.738,0.698
PKA,NMR_S2,242,0.649,0.695
PKA,NMR_S2,243,0.72,0.655
PKA,NMR_S2,244,0.872,0.932
PKA,NMR_S2,245,0.883,0.926
PKA,NMR_S2,246,0.697,0.655
PKA,NMR_S2,247,0.809,0.773
PKA,NMR_S2,248,0.855,0.799
PKA,NMR_S2,249,0.735,0.816
PKA,NMR_S2,250,0.804,0.843
PKA,NMR_S2,251,0.845,0.8
PKA,NMR_S2,252,0.796,0.861
PKA,NMR_S2,253,0.897,0.894
PKA,NMR_S2,254,0.713,0.683
PKA,NMR_S2,255,0.818,0.871
PKA,NMR_S2,256,0.748,0.776
PKA,NMR_S2,257,0.95,0.899
PKA,NMR_S2,258,0.776,0.895
PKA,NMR_S2,259,0.892,0.801
PKA,NMR_S2,260,0.721,0.794
PKA,NMR_S2,261,0.756,0.838
PKA,NMR_S2,262,0.779,0.824
PKA,NMR_S2,263,0.918,0.966
PKA,NMR_S2,264,0.799,0.961
PKA,NMR_S2,265,0.856,0.841
PKA,NMR_S2,266,0.826,0.828
PKA,NMR_S2,267,0.867,0.871
PKA,NMR_S2,268,0.869,0.941
PKA,NMR_S2,269,0.906,0.956
PKA,NMR_S2,270,0.95,1.0
PKA,NMR_S2,271,0.754,0.999
PKA,NMR_S2,272,0.839,0.956
PKA,NMR_S2,273,0.882,0.794
PKA,NMR_S2,274,0.693,0.789
PKA,NMR_S2,275,0.803,0.751
PKA,NMR_S2,276,0.706,0.665
PKA,NMR_S2,277,0.845,0.791
PKA,NMR_S2,278,0.816,0.78
PKA,NMR_S2,279,0.879,0.75
PKA,NMR_S2,280,0.756,0.743
PKA,NMR_S2,281,0.781,0.742
PKA,NMR_S2,282,0.876,1.0
PKA,NMR_S2,283,0.852,0.784
PKA,NMR_S2,284,0.865,0.813
PKA,NMR_S2,285,0.838,0.831
PKA,NMR_S2,286,0.804,0.712
PKA,NMR_S2,287,0.806,0.763
PKA,NMR_S2,288,0.772,0.756
PKA,NMR_S2,289,0.756,0.811
PKA,NMR_S2,290,0.757,0.717
PKA,NMR_S2,291,0.746,0.784
PKA,NMR_S2,292,0.859,0.877
PKA,NMR_S2,293,0.789,0.853
PKA,NMR_S2,294,0.823,0.866
PKA,NMR_S2,295,0.839,0.834
PKA,NMR_S2,296,0.861,0.732
PKA,NMR_S2,297,0.903,0.984
PKA,NMR_S2,298,0.841,0.935
PKA,NMR_S2,299,0.79,0.783
PKA,NMR_S2,300,0.948,0.94
PKA,NMR_S2,301,0.92,0.904
PKA,NMR_S2,302,0.892,0.841
PKA,NMR_S2,303,0.809,0.801
PKA,NMR_S2,304,0.733,0.746
PKA,NMR_S2,305,0.861,0.878
PKA,NMR_S2,306,0.771,0.892
PKA,NMR_S2,307,0.869,0.909
PKA,NMR_S2,308,0.779,0.747
PKA,NMR_S2,309,0.832,0.768
PKA,NMR_S2,310,0.669,0.705
PKA,NMR_S2,311,0.892,0.851
PKA,NMR_S2,312,0.763,0.895
PKA,NMR_S2,313,0.801,0.817
PKA,NMR_S2,314,0.763,0.747
PKA,NMR_S2,315,0.821,0.752
PKA,NMR_S2,316,0.917,0.955
PKA,NMR_S2,317,0.82,0.706
PKA,NMR_S2,318,0.714,0.599
PKA,NMR_S2,319,0.77,0.721
PKA,NMR_S2,320,0.826,0.726
PKA,NMR_S2,321,0.734,0.741
PKA,NMR_S2,322,0.857,0.813
PKA,NMR_S2,323,0.911,0.964
PKA,NMR_S2,324,0.95,0.976
PKA,NMR_S2,325,0.95,0.919
PKA,NMR_S2,326,0.815,0.813
PKA,NMR_S2,327,0.882,0.996
PKA,NMR_S2,328,0.749,0.843
PKA,NMR_S2,329,0.95,0.932
PKA,NMR_S2,330,0.833,0.778
PKA,NMR_S2,331,0.791,0.894
PKA,NMR_S2,332,0.877,0.827
PKA,NMR_S2,333,0.883,0.949
PKA,NMR_S2,334,0.718,0.698
PKA,NMR_S2,335,0.778,0.889
PKA,NMR_S2,336,0.848,0.842
PKA,NMR_S2,337,0.877,0.852
PKA,NMR_S2,338,0.805,0.698
PKA,NMR_S2,339,0.756,0.813
PKA,NMR_S2,340,0.773,0.751
PKA,NMR_S2,341,0.795,0.822
PKA,NMR_S2,342,0.785,0.697
PKA,NMR_S2,343,0.732,0.719
PKA,NMR_S2,344,0.845,0.801
PKA,NMR_S2,345,0.901,0.981
PKA,NMR_S2,346,0.794,0.884
PKA,NMR_S2,347,0.801,0.875
PKA,NMR_S2,348,0.771,0.711
PKA,NMR_S2,349,0.794,0.792
PKA,NMR_S2,350,0.744,0.732
JNK3,NMR_S2,1,0.855,0.865
JNK3,NMR_S2,2,0.79,0.714
JNK3,NMR_S2,3,0.823,0.883
JNK3,NMR_S2,4,0.758,0.728
JNK3,NMR_S2,5,0.876,0.856
JNK3,NMR_S2,6,0.73,0.765
JNK3,NMR_S2,7,0.838,0.867
JNK3,NMR_S2,8,0.849,0.772
JNK3,NMR_S2,9,0.724,0.697
JNK3,NMR_S2,10,0.911,0.966
JNK3,NMR_S2,11,0.739,0.787
JNK3,NMR_S2,12,0.783,0.8
JNK3,NMR_S2,13,0.831,0.697
JNK3,NMR_S2,14,0.736,0.785
JNK3,NMR_S2,15,0.843,0.81
JNK3,NMR_S2,16,0.726,0.766
JNK3,NMR_S2,17,0.878,1.0
JNK3,NMR_S2,18,0.806,0.74
JNK3,NMR_S2,19,0.81,0.919
JNK3,NMR_S2,20,0.847,0.914
JNK3,NMR_S2,21,0.87,0.885
JNK3,NMR_S2,22,0.858,0.933
JNK3,NMR_S2,23,0.95,0.814
JNK3,NMR_S2,24,0.794,0.735
JNK3,NMR_S2,25,0.78,0.681
JNK3,NMR_S2,26,0.858,0.838
JNK3,NMR_S2,27,0.811,0.842
JNK3,NMR_S2,28,0.809,0.848
JNK3,NMR_S2,29,0.745,0.79
JNK3,NMR_S2,30,0.845,0.862
JNK3,NMR_S2,31,0.775,0.859
JNK3,NMR_S2,32,0.843,0.867
JNK3,NMR_S2,33,0.874,0.817
JNK3,NMR_S2,34,0.82,0.956
JNK3,NMR_S2,35,0.778,0.774
JNK3,NMR_S2,36,0.859,0.814
JNK3,NMR_S2,37,0.889,0.901
JNK3,NMR_S2,38,0.892,0.824
JNK3,NMR_S2,39,0.84,0.88
JNK3,NMR_S2,40,0.789,0.817
JNK3,NMR_S2,41,0.95,0.981
JNK3,NMR_S2,42,0.811,0.693
JNK3,NMR_S2,43,0.843,0.815
JNK3,NMR_S2,44,0.846,0.929
JNK3,NMR_S2,45,0.847,0.935
JNK3,NMR_S2,46,0.861,0.954
JNK3,NMR_S2,47,0.757,0.821
JNK3,NMR_S2,48,0.858,0.849
JNK3,NMR_S2,49,0.833,0.884
JNK3,NMR_S2,50,0.761,0.724
JNK3,NMR_S2,51,0.897,0.815
JNK3,NMR_S2,52,0.792,0.834
JNK3,NMR_S2,53,0.852,0.917
JNK3,NMR_S2,54,0.829,0.771
JNK3,NMR_S2,55,0.687,0.731
JNK3,NMR_S2,56,0.869,0.951
JNK3,NMR_S2,57,0.773,0.792
JNK3,NMR_S2,58,0.832,0.853
JNK3,NMR_S2,59,0.893,0.733
JNK3,NMR_S2,60,0.822,0.939
JNK3,NMR_S2,61,0.761,0.701
JNK3,NMR_S2,62,0.943,0.87
JNK3,NMR_S2,63,0.803,0.893
JNK3,NMR_S2,64,0.771,0.72
JNK3,NMR_S2,65,0.711,0.62
JNK3,NMR_S2,66,0.726,0.83
JNK3,NMR_S2,67,0.922,0.981
JNK3,NMR_S2,68,0.95,0.947
JNK3,NMR_S2,69,0.699,0.772
JNK3,NMR_S2,70,0.793,0.783
JNK3,NMR_S2,71,0.65,0.661
JNK3,NMR_S2,72,0.895,0.878
JNK3,NMR_S2,73,0.823,0.923
JNK3,NMR_S2,74,0.95,1.0
JNK3,NMR_S2,75,0.787,0.804
JNK3,NMR_S2,76,0.573,0.61
JNK3,NMR_S2,77,0.836,0.906
JNK3,NMR_S2,78,0.753,0.72
JNK3,NMR_S2,79,0.799,0.873
JNK3,NMR_S2,80,0.884,0.881
JNK3,NMR_S2,81,0.828,0.753
JNK3,NMR_S2,82,0.796,0.842
JNK3,NMR_S2,83,0.847,0.936
JNK3,NMR_S2,84,0.752,0.604
JNK3,NMR_S2,85,0.899,0.97
JNK3,NMR_S2,86,0.83,0.742
JNK3,NMR_S2,87,0.788,0.833
JNK3,NMR_S2,88,0.78,0.919
JNK3,NMR_S2,89,0.755,0.551
JNK3,NMR_S2,90,0.713,0.717
JNK3,NMR_S2,91,0.798,0.859
JNK3,NMR_S2,92,0.92,0.969
JNK3,NMR_S2,93,0.901,0.819
JNK3,NMR_S2,94,0.774,0.797
JNK3,NMR_S2,95,0.689,0.575
JNK3,NMR_S2,96,0.795,0.838
JNK3,NMR_S2,97,0.776,0.715
JNK3,NMR_S2,98,0.757,0.86
JNK3,NMR_S2,99,0.822,0.914
JNK3,NMR_S2,100,0.788,0.805
JNK3,NMR_S2,101,0.815,0.775
JNK3,NMR_S2,102,0.722,0.685
JNK3,NMR_S2,103,0.829,0.925
JNK3,NMR_S2,104,0.897,0.841
JNK3,NMR_S2,105,0.774,0.714
JNK3,NMR_S2,106,0.785,0.825
JNK3,NMR_S2,107,0.851,0.842
JNK3,NMR_S2,108,0.71,0.786
JNK3,NMR_S2,109,0.751,0.662
JNK3,NMR_S2,110,0.871,0.899
JNK3,NMR_S2,111,0.765,0.766
JNK3,NMR_S2,112,0.839,0.857
JNK3,NMR_S2,113,0.77,0.657
JNK3,NMR_S2,114,0.848,0.682
JNK3,NMR_S2,115,0.804,0.899
JNK3,NMR_S2,116,0.9,0.737
JNK3,NMR_S2,117,0.833,0.825
JNK3,NMR_S2,118,0.883,0.841
JNK3,NMR_S2,119,0.811,0.859
JNK3,NMR_S2,120,0.848,0.874
JNK3,NMR_S2,121,0.789,0.909
JNK3,NMR_S2,122,0.764,0.731
JNK3,NMR_S2,123,0.832,0.762
JNK3,NMR_S2,124,0.791,0.842
JNK3,NMR_S2,125,0.885,0.957
JNK3,NMR_S2,126,0.843,0.807
JNK3,NMR_S2,127,0.857,0.808
JNK3,NMR_S2,128,0.82,0.773
JNK3,NMR_S2,129,0.863,0.777
JNK3,NMR_S2,130,0.691,0.72
JNK3,NMR_S2,131,0.695,0.631
JNK3,NMR_S2,132,0.774,0.731
JNK3,NMR_S2,133,0.852,0.979
JNK3,NMR_S2,134,0.808,0.943
JNK3,NMR_S2,135,0.924,0.974
JNK3,NMR_S2,136,0.854,0.92
JNK3,NMR_S2,137,0.928,0.869
JNK3,NMR_S2,138,0.789,0.776
JNK3,NMR_S2,139,0.616,0.729
JNK3,NMR_S2,140,0.94,0.956
JNK3,NMR_S2,141,0.767,0.751
JNK3,NMR_S2,142,0.827,0.86
JNK3,NMR_S2,143,0.883,0.925
JNK3,NMR_S2,144,0.888,0.995
JNK3,NMR_S2,145,0.785,0.77
JNK3,NMR_S2,146,0.83,0.778
JNK3,NMR_S2,147,0.716,0.648
JNK3,NMR_S2,148,0.95,0.975
JNK3,NMR_S2,149,0.84,0.888
JNK3,NMR_S2,150,0.875,0.866
JNK3,NMR_S2,151,0.892,0.856
JNK3,NMR_S2,152,0.677,0.692
JNK3,NMR_S2,153,0.882,0.867
JNK3,NMR_S2,154,0.838,0.783
JNK3,NMR_S2,155,0.866,0.788
JNK3,NMR_S2,156,0.808,0.779
JNK3,NMR_S2,157,0.848,0.859
JNK3,NMR_S2,158,0.721,0.759
JNK3,NMR_S2,159,0.95,1.0
JNK3,NMR_S2,160,0.849,0.833
JNK3,NMR_S2,161,0.644,0.755
JNK3,NMR_S2,162,0.709,0.657
JNK3,NMR_S2,163,0.803,0.778
JNK3,NMR_S2,164,0.95,0.971
JNK3,NMR_S2,165,0.719,0.588
JNK3,NMR_S2,166,0.838,0.825
JNK3,NMR_S2,167,0.672,0.647
JNK3,NMR_S2,168,0.748,0.784
JNK3,NMR_S2,169,0.95,1.0
JNK3,NMR_S2,170,0.95,0.949
JNK3,NMR_S2,171,0.92,0.963
JNK3,NMR_S2,172,0.884,0.899
JNK3,NMR_S2,173,0.931,1.0
JNK3,NMR_S2,174,0.849,0.928
JNK3,NMR_S2,175,0.817,0.754
JNK3,NMR_S2,176,0.662,0.614
JNK3,NMR_S2,177,0.875,0.874
JNK3,NMR_S2,178,0.847,0.917
JNK3,NMR_S2,179,0.785,0.7
JNK3,NMR_S2,180,0.776,0.705
JNK3,NMR_S2,181,0.919,0.884
JNK3,NMR_S2,182,0.848,0.932
JNK3,NMR_S2,183,0.886,0.908
JNK3,NMR_S2,184,0.664,0.681
JNK3,NMR_S2,185,0.925,0.843
JNK3,NMR_S2,186,0.942,1.0
JNK3,NMR_S2,187,0.827,0.796
JNK3,NMR_S2,188,0.744,0.599
JNK3,NMR_S2,189,0.929,0.715
JNK3,NMR_S2,190,0.791,0.864
JNK3,NMR_S2,191,0.852,0.821
JNK3,NMR_S2,192,0.913,0.876
JNK3,NMR_S2,193,0.783,0.735
JNK3,NMR_S2,194,0.932,1.0
JNK3,NMR_S2,195,0.711,0.736
JNK3,NMR_S2,196,0.748,0.888
JNK3,NMR_S2,197,0.849,0.838
JNK3,NMR_S2,198,0.87,0.849
JNK3,NMR_S2,199,0.677,0.73
JNK3,NMR_S2,200,0.767,0.817
JNK3,NMR_S2,201,0.853,0.818
JNK3,NMR_S2,202,0.912,0.95
JNK3,NMR_S2,203,0.842,0.837
JNK3,NMR_S2,204,0.776,0.731
JNK3,NMR_S2,205,0.935,0.916
JNK3,NMR_S2,206,0.719,0.803
JNK3,NMR_S2,207,0.869,0.868
JNK3,NMR_S2,208,0.795,0.767
JNK3,NMR_S2,209,0.815,0.836
JNK3,NMR_S2,210,0.812,0.784
JNK3,NMR_S2,211,0.783,0.837
JNK3,NMR_S2,212,0.72,0.775
JNK3,NMR_S2,213,0.87,0.861
JNK3,NMR_S2,214,0.912,0.948
JNK3,NMR_S2,215,0.848,0.79
JNK3,NMR_S2,216,0.87,0.869
JNK3,NMR_S2,217,0.747,0.652
JNK3,NMR_S2,218,0.824,0.821
JNK3,NMR_S2,219,0.776,0.734
JNK3,NMR_S2,220,0.815,0.789
JNK3,NMR_S2,221,0.792,0.703
JNK3,NMR_S2,222,0.73,0.674
JNK3,NMR_S2,223,0.644,0.624
JNK3,NMR_S2,224,0.77,0.824
JNK3,NMR_S2,225,0.799,0.888
JNK3,NMR_S2,226,0.874,0.858
JNK3,NMR_S2,227,0.892,0.916
JNK3,NMR_S2,228,0.725,0.672
JNK3,NMR_S2,229,0.81,0.736
JNK3,NMR_S2,230,0.752,0.836
JNK3,NMR_S2,231,0.758,0.796
JNK3,NMR_S2,232,0.832,0.774
JNK3,NMR_S2,233,0.95,1.0
JNK3,NMR_S2,234,0.698,0.734
JNK3,NMR_S2,235,0.744,0.763
JNK3,NMR_S2,236,0.898,0.974
JNK3,NMR_S2,237,0.805,0.814
JNK3,NMR_S2,238,0.812,0.818
JNK3,NMR_S2,239,0.843,0.846
JNK3,NMR_S2,240,0.739,0.988
JNK3,NMR_S2,241,0.854,0.838
JNK3,NMR_S2,242,0.861,1.0
JNK3,NMR_S2,243,0.737,0.807
JNK3,NMR_S2,244,0.95,0.916
JNK3,NMR_S2,245,0.811,0.933
JNK3,NMR_S2,246,0.682,0.672
JNK3,NMR_S2,247,0.826,0.831
JNK3,NMR_S2,248,0.95,0.911
JNK3,NMR_S2,249,0.735,0.781
JNK3,NMR_S2,250,0.879,0.9
JNK3,NMR_S2,251,0.95,0.929
JNK3,NMR_S2,252,0.721,0.729
JNK3,NMR_S2,253,0.902,0.905
JNK3,NMR_S2,254,0.865,0.97
JNK3,NMR_S2,255,0.937,1.0
JNK3,NMR_S2,256,0.796,0.764
JNK3,NMR_S2,257,0.848,0.879
JNK3,NMR_S2,258,0.841,0.877
JNK3,NMR_S2,259,0.884,0.889
JNK3,NMR_S2,260,0.798,0.834
JNK3,NMR_S2,261,0.943,1.0
JNK3,NMR_S2,262,0.764,0.732
JNK3,NMR_S2,263,0.855,0.855
JNK3,NMR_S2,264,0.805,0.717
JNK3,NMR_S2,265,0.682,0.719
JNK3,NMR_S2,266,0.843,0.989
JNK3,NMR_S2,267,0.852,0.872
JNK3,NMR_S2,268,0.823,0.927
JNK3,NMR_S2,269,0.909,0.759
JNK3,NMR_S2,270,0.792,0.849
JNK3,NMR_S2,271,0.836,0.762
JNK3,NMR_S2,272,0.903,0.998
JNK3,NMR_S2,273,0.778,0.771
JNK3,NMR_S2,274,0.885,0.775
JNK3,NMR_S2,275,0.783,0.797
JNK3,NMR_S2,276,0.784,0.685
JNK3,NMR_S2,277,0.918,0.894
JNK3,NMR_S2,278,0.95,0.98
JNK3,NMR_S2,279,0.801,0.798
JNK3,NMR_S2,280,0.833,0.828
JNK3,NMR_S2,281,0.95,1.0
JNK3,NMR_S2,282,0.873,0.907
JNK3,NMR_S2,283,0.948,0.824
JNK3,NMR_S2,284,0.821,0.85
JNK3,NMR_S2,285,0.753,0.855
JNK3,NMR_S2,286,0.842,0.76
JNK3,NMR_S2,287,0.95,0.86
JNK3,NMR_S2,288,0.813,0.891
JNK3,NMR_S2,289,0.746,0.787
JNK3,NMR_S2,290,0.808,0.71
JNK3,NMR_S2,291,0.773,0.759
JNK3,NMR_S2,292,0.745,0.663
JNK3,NMR_S2,293,0.871,0.849
JNK3,NMR_S2,294,0.719,0.796
JNK3,NMR_S2,295,0.643,0.646
JNK3,NMR_S2,296,0.689,0.545
JNK3,NMR_S2,297,0.793,0.749
JNK3,NMR_S2,298,0.691,0.648
JNK3,NMR_S2,299,0.802,0.775
JNK3,NMR_S2,300,0.87,0.783
JNK3,NMR_S2,301,0.892,0.849
JNK3,NMR_S2,302,0.95,0.886
JNK3,NMR_S2,303,0.855,0.792
JNK3,NMR_S2,304,0.758,0.73
JNK3,NMR_S2,305,0.785,0.839
JNK3,NMR_S2,306,0.768,0.835
JNK3,NMR_S2,307,0.748,0.813
JNK3,NMR_S2,308,0.815,0.801
JNK3,NMR_S2,309,0.823,0.778
JNK3,NMR_S2,310,0.822,0.821
JNK3,NMR_S2,311,0.639,0.727
JNK3,NMR_S2,312,0.797,0.788
JNK3,NMR_S2,313,0.77,0.911
JNK3,NMR_S2,314,0.677,0.662
JNK3,NMR_S2,315,0.75,0.779
JNK3,NMR_S2,316,0.809,0.74
JNK3,NMR_S2,317,0.768,0.793
JNK3,NMR_S2,318,0.759,0.775
JNK3,NMR_S2,319,0.798,0.805
JNK3,NMR_S2,320,0.784,0.807
JNK3,NMR_S2,321,0.663,0.745
JNK3,NMR_S2,322,0.731,0.775
JNK3,NMR_S2,323,0.768,0.911
JNK3,NMR_S2,324,0.89,0.914
JNK3,NMR_S2,325,0.757,0.694
JNK3,NMR_S2,326,0.864,0.969
JNK3,NMR_S2,327,0.785,0.757
JNK3,NMR_S2,328,0.759,0.713
JNK3,NMR_S2,329,0.809,0.886
JNK3,NMR_S2,330,0.903,0.784
JNK3,NMR_S2,331,0.881,0.995
JNK3,NMR_S2,332,0.857,0.777
JNK3,NMR_S2,333,0.793,0.747
JNK3,NMR_S2,334,0.858,0.9
JNK3,NMR_S2,335,0.842,0.924
JNK3,NMR_S2,336,0.827,0.771
JNK3,NMR_S2,337,0.78,0.79
JNK3,NMR_S2,338,0.875,0.915
JNK3,NMR_S2,339,0.823,0.966
JNK3,NMR_S2,340,0.762,0.726
JNK3,NMR_S2,341,0.773,0.839
JNK3,NMR_S2,342,0.88,0.804
JNK3,NMR_S2,343,0.869,0.876
JNK3,NMR_S2,344,0.674,0.675
JNK3,NMR_S2,345,0.884,0.89
JNK3,NMR_S2,346,0.801,0.819
JNK3,NMR_S2,347,0.875,0.874
JNK3,NMR_S2,348,0.759,0.677
JNK3,NMR_S2,349,0.763,0.844
JNK3,NMR_S2,350,0.703,0.829
JNK3,NMR_S2,351,0.861,0.811
JNK3,NMR_S2,352,0.678,0.648
JNK3,NMR_S2,353,0.763,0.755
JNK3,NMR_S2,354,0.787,0.939
JNK3,NMR_S2,355,0.875,0.932
JNK3,NMR_S2,356,0.887,1.0
JNK3,NMR_S2,357,0.794,0.774
JNK3,NMR_S2,358,0.87,0.938
JNK3,NMR_S2,359,0.923,0.895
JNK3,NMR_S2,360,0.829,0.815
JNK3,NMR_S2,361,0.896,0.937
JNK3,NMR_S2,362,0.865,0.846
JNK3,NMR_S2,363,0.909,0.981
JNK3,NMR_S2,364,0.675,0.595
JNK3,NMR_S2,365,0.779,0.812
JNK3,NMR_S2,366,0.916,0.812
JNK3,NMR_S2,367,0.634,0.758
JNK3,NMR_S2,368,0.876,0.771
JNK3,NMR_S2,369,0.86,0.854
JNK3,NMR_S2,370,0.826,0.866
JNK3,NMR_S2,371,0.915,0.939
JNK3,NMR_S2,372,0.89,0.864
JNK3,NMR_S2,373,0.83,0.849
JNK3,NMR_S2,374,0.908,0.96
JNK3,NMR_S2,375,0.866,0.899
JNK3,NMR_S2,376,0.823,0.891
JNK3,NMR_S2,377,0.837,0.931
JNK3,NMR_S2,378,0.845,0.857
JNK3,NMR_S2,379,0.836,0.841
JNK3,NMR_S2,380,0.79,0.693
JNK3,NMR_S2,381,0.75,0.778
JNK3,NMR_S2,382,0.849,0.908
JNK3,NMR_S2,383,0.794,0.691
JNK3,NMR_S2,384,0.811,0.787
JNK3,NMR_S2,385,0.815,0.75
JNK3,NMR_S2,386,0.815,0.813
JNK3,NMR_S2,387,0.557,0.632
JNK3,NMR_S2,388,0.837,0.801
JNK3,NMR_S2,389,0.95,0.95
JNK3,NMR_S2,390,0.739,0.844
JNK3,NMR_S2,391,0.847,0.96
JNK3,NMR_S2,392,0.888,0.923
JNK3,NMR_S2,393,0.758,0.701
JNK3,NMR_S2,394,0.847,0.73
JNK3,NMR_S2,395,0.803,0.87
JNK3,NMR_S2,396,0.759,0.779
JNK3,NMR_S2,397,0.82,0.832
JNK3,NMR_S2,398,0.813,0.717
JNK3,NMR_S2,399,0.89,0.868
JNK3,NMR_S2,400,0.766,0.668
ERK2,HDX_uptake,1,0.918,1.301
ERK2,HDX_uptake,2,2.496,2.708
ERK2,HDX_uptake,3,4.377,4.289
ERK2,HDX_uptake,4,1.878,1.524
ERK2,HDX_uptake,5,3.135,2.732
ERK2,HDX_uptake,6,0.768,0.226
ERK2,HDX_uptake,7,0.606,0.154
ERK2,HDX_uptake,8,3.785,3.553
ERK2,HDX_uptake,9,3.092,2.959
ERK2,HDX_uptake,10,3.149,3.168
ERK2,HDX_uptake,11,3.689,3.524
ERK2,HDX_uptake,12,1.484,1.319
ERK2,HDX_uptake,13,3.201,2.767
ERK2,HDX_uptake,14,3.219,3.574
ERK2,HDX_uptake,15,2.267,1.702
ERK2,HDX_uptake,16,3.03,3.52
ERK2,HDX_uptake,17,1.318,1.324
ERK2,HDX_uptake,18,3.236,3.465
ERK2,HDX_uptake,19,0.992,0.849
ERK2,HDX_uptake,20,3.976,4.159
ERK2,HDX_uptake,21,2.014,1.594
ERK2,HDX_uptake,22,3.088,2.607
ERK2,HDX_uptake,23,1.971,2.057
ERK2,HDX_uptake,24,0.833,1.294
ERK2,HDX_uptake,25,3.883,3.678
ERK2,HDX_uptake,26,0.66,0.498
ERK2,HDX_uptake,27,4.256,4.28
ERK2,HDX_uptake,28,3.592,4.344
ERK2,HDX_uptake,29,1.483,1.49
ERK2,HDX_uptake,30,3.288,2.772
ABL1,HDX_uptake,1,3.995,3.949
ABL1,HDX_uptake,2,1.073,0.924
ABL1,HDX_uptake,3,2.249,1.794
ABL1,HDX_uptake,4,3.906,3.578
ABL1,HDX_uptake,5,2.02,2.293
ABL1,HDX_uptake,6,3.52,4.548
ABL1,HDX_uptake,7,2.641,2.619
ABL1,HDX_uptake,8,2.715,3.179
ABL1,HDX_uptake,9,3.706,3.34
ABL1,HDX_uptake,10,0.786,0.793
ABL1,HDX_uptake,11,4.442,5.153
ABL1,HDX_uptake,12,1.058,0.51
ABL1,HDX_uptake,13,0.877,0.984
ABL1,HDX_uptake,14,0.621,0.038
ABL1,HDX_uptake,15,2.051,1.677
ABL1,HDX_uptake,16,2.072,2.567
ABL1,HDX_uptake,17,1.236,0.568
ABL1,HDX_uptake,18,1.381,1.621
ABL1,HDX_uptake,19,4.05,4.256
ABL1,HDX_uptake,20,1.232,1.319
ABL1,HDX_uptake,21,1.619,1.883
ABL1,HDX_uptake,22,3.731,3.632
ABL1,HDX_uptake,23,1.496,1.859
ABL1,HDX_uptake,24,2.069,1.952
ABL1,HDX_uptake,25,4.221,3.882
ABL1,HDX_uptake,26,2.143,2.439
ABL1,HDX_uptake,27,2.616,2.084
ABL1,HDX_uptake,28,1.139,1.101
ABL1,HDX_uptake,29,1.615,1.721
ABL1,HDX_uptake,30,1.97,1.658
PKA,HDX_uptake,1,0.981,0.785
PKA,HDX_uptake,2,1.76,2.285
PKA,HDX_uptake,3,4.334,3.398
PKA,HDX_uptake,4,2.175,1.671
PKA,HDX_uptake,5,2.032,2.746
PKA,HDX_uptake,6,1.072,0.73
PKA,HDX_uptake,7,3.189,3.644
PKA,HDX_uptake,8,3.503,2.995
PKA,HDX_uptake,9,4.003,3.942
PKA,HDX_uptake,10,4.279,4.035
PKA,HDX_uptake,11,3.459,3.295
PKA,HDX_uptake,12,2.837,2.31
PKA,HDX_uptake,13,1.362,1.236
PKA,HDX_uptake,14,1.054,0.763
PKA,HDX_uptake,15,1.024,1.354
PKA,HDX_uptake,16,3.63,3.904
PKA,HDX_uptake,17,1.985,2.211
PKA,HDX_uptake,18,1.284,1.29
PKA,HDX_uptake,19,4.072,2.955
PKA,HDX_uptake,20,3.258,3.534
PKA,HDX_uptake,21,3.918,3.613
PKA,HDX_uptake,22,1.647,1.108
PKA,HDX_uptake,23,1.88,1.362
PKA,HDX_uptake,24,3.932,3.955
PKA,HDX_uptake,25,1.048,1.409
PKA,HDX_uptake,26,3.292,3.616
PKA,HDX_uptake,27,0.708,0.994
PKA,HDX_uptake,28,2.944,2.988
PKA,HDX_uptake,29,1.036,0.901
PKA,HDX_uptake,30,3.864,4.355
JNK3,HDX_uptake,1,4.275,4.928
JNK3,HDX_uptake,2,1.272,1.049
JNK3,HDX_uptake,3,3.08,3.531
JNK3,HDX_uptake,4,4.206,3.787
JNK3,HDX_uptake,5,3.295,3.277
JNK3,HDX_uptake,6,4.19,4.335
JNK3,HDX_uptake,7,2.453,2.496
JNK3,HDX_uptake,8,2.082,1.65
JNK3,HDX_uptake,9,2.128,2.17
JNK3,HDX_uptake,10,3.952,4.168
JNK3,HDX_uptake,11,4.418,4.153
JNK3,HDX_uptake,12,0.951,0.917
JNK3,HDX_uptake,13,4.454,5.009
JNK3,HDX_uptake,14,0.608,0.108
JNK3,HDX_uptake,15,4.297,5.094
JNK3,HDX_uptake,16,3.204,3.457
JNK3,HDX_uptake,17,1.669,1.85
JNK3,HDX_uptake,18,3.768,3.666
JNK3,HDX_uptake,19,3.593,3.777
JNK3,HDX_uptake,20,4.471,4.274
JNK3,HDX_uptake,21,1.35,1.7
JNK3,HDX_uptake,22,2.024,1.537
JNK3,HDX_uptake,23,4.288,3.345
JNK3,HDX_uptake,24,3.265,3.209
JNK3,HDX_uptake,25,2.921,2.264
JNK3,HDX_uptake,26,0.843,0.848
JNK3,HDX_uptake,27,1.327,1.689
JNK3,HDX_uptake,28,3.209,3.229
JNK3,HDX_uptake,29,2.926,2.83
JNK3,HDX_uptake,30,4.164,4.58
